Feature,Importance_Mean,Importance_Std
Previously_Owned_Passes,0.2758613371354112,0.008979688534620214
Family_Members_with_Passes,0.2548779902230642,0.00901855845802185
Distance_from_Park_km,0.19553875030866305,0.006232502528774582
Club_Member,0.1857646017713857,0.005510016675950815
Age,0.005950600575378218,0.004292840176811249
