Feature,Importance
Distance_from_Park_km,0.2747605968603905
Previously_Owned_Passes,0.2665794432665889
Family_Members_with_Passes,0.25231271985204456
Club_Member,0.1653235968792281
Age,0.04102364314174799
